{
    "SSWW": 0.00444076,
    "TTTo2L2Nu": 0.019198125,
    "TTToSemiLeptonic": 0.00094894025,
    "TTWJetsToLNu": 0.036488400000000004,
    "TTWW": 0.03951495,
    "TTWZ": 0.042705875,
    "TTZToLLNuNu_M-10": 0.08545105,
    "TTbb_4f_TTTo2L2Nu": 0.0305767,
    "TTbb_4f_TTToSemiLeptonic": 0.00201575,
    "VHToNonbb_M125": 0.008964995,
    "WJetsToLNu_HT-100To200": 5.2086225e-05,
    "WJetsToLNu_HT-1200To2500": 0.0001560555,
    "WJetsToLNu_HT-200To400": 7.9730925e-05,
    "WJetsToLNu_HT-2500ToInf": 0.000165143425,
    "WJetsToLNu_HT-400To600": 0.000136164725,
    "WJetsToLNu_HT-600To800": 0.000147793575,
    "WJetsToLNu_HT-70To100": 3.6856925e-05,
    "WJetsToLNu_HT-800To1200": 0.0001459342,
    "WWW_4F": 0.007868275,
    "WWZ_4F": 0.018567149999999998,
    "WZJJ_EWK_InclusivePolarization": 0.29910725000000005,
    "WZTo3LNu": 0.11455874999999999,
    "WZZ": 0.024029075000000004,
    "WZ": 0.007413705,
    "ZZTo4L_M-1toInf": 0.04979095,
    "ZZZ": 0.016552024999999998,
    "ttHToNonbb_M125": 0.029276125,
    "ttHTobb_M125": 0.0052866350000000005
}